{
    "0": {
        "43": 0,
        "38": 0,
        "35": 0.629050643997056,
        "59": 0.5568961214799473,
        "53": 0.629050643997056,
        "44": 0,
        "41": 0.3546889827380276,
        "12": 0.3546889827380276,
        "9": 0,
        "3": 0,
        "61": 0.32534652710593986,
        "51": 0.32534652710593986,
        "46": 0.3546889827380276,
        "45": 0.3149630535770214,
        "26": 0,
        "60": 0.3415726513153413,
        "55": 0.6886643098972907,
        "54": 0,
        "52": 0.44362861641901186,
        "34": 0,
        "33": 0.6373782042395943,
        "22": 0.5568961214799473,
        "18": 0.3546889827380276,
        "10": 0.3415726513153413,
        "8": 0.5568961214799473,
        "5": 0.8689430619358411,
        "0": 0.3546889827380276,
        "49": 0.6886643098972907,
        "40": 0.5062852998455277,
        "28": 0.6373782042395943,
        "24": 0,
        "21": 0.3415726513153413,
        "30": 0.5062852998455277,
        "11": 0.6886643098972907,
        "50": 1,
        "2": 0,
        "47": 0,
        "39": 0.21253129969281442,
        "32": 0.629050643997056,
        "29": 0.48141308172642894,
        "13": 0.6415017042278947,
        "4": 0.6382728327590974,
        "1": 0,
        "31": 0,
        "16": 0.3546889827380276,
        "42": 0.629050643997056,
        "7": 0.629050643997056,
        "27": 0.41516202449200407,
        "25": 0.34985427902680954,
        "23": 0,
        "57": 0,
        "37": 0.34985427902680954
    }
}