{
    "0": {
        "4": 0.34746322181819117,
        "2": 0.34746322181819117,
        "9": 0.35328458039859123,
        "7": 0.6289948573926266,
        "3": 0.921363214262835,
        "5": 0.3509920518010851,
        "0": 0.2657847057822089
    },
    "1": {
        "6": 0,
        "8": 0.20252865285204705,
        "1": 0.07261903468463853
    },
    "2": {
        "4": 0.01340686899362306,
        "2": 0.01340686899362306,
        "9": 0.3249823530451643,
        "7": 0.36114879414311646,
        "3": 0.28582018628899397,
        "5": 0.2830143540530306,
        "0": 0.5486898966236587
    }
}