{
    "0": {
        "15": 0.2700755837437056,
        "14": 0.10706626643863942,
        "12": 0.10706626643863942,
        "10": 0.16005120014945579,
        "8": 0.10706626643863942,
        "4": 0.16005120014945579,
        "1": 0.10706626643863942,
        "0": 1,
        "7": 0,
        "5": 1,
        "2": 0.2612349781067139,
        "11": 0.10220383307829055,
        "9": 0.33338695959047815,
        "13": 0.3872567675433607,
        "6": 0.3514992517219493
    },
    "1": {
        "3": 0
    },
    "2": {
        "15": 0.2700755837437056,
        "14": 0.10706626643863942,
        "12": 0.10706626643863942,
        "10": 0.16005120014945579,
        "8": 0.10706626643863942,
        "4": 0.16005120014945579,
        "1": 0.10706626643863942,
        "0": 1,
        "7": 0,
        "5": 1,
        "2": 0.2612349781067139,
        "11": 0.10220383307829055,
        "9": 0.33338695959047815,
        "13": 0.3872567675433607,
        "6": 0.3514992517219493
    }
}