{
    "0": {
        "89": 0.8286344673496384,
        "76": 0.5162789519143819,
        "44": 0.8286344673496384,
        "18": 0.2713581194991344,
        "13": 0.5162789519143819,
        "96": 0.06810883720041183,
        "90": 0.1635178547010611,
        "71": 0.4453394127160122,
        "70": 0.3214342827580061,
        "69": 0.2713581194991344,
        "68": 0.11512038126174501,
        "53": 0.3214342827580061,
        "40": 0.13473807552677142,
        "29": 0.09157097841584869,
        "20": 0.40991222157796225,
        "7": 0.4453394127160122,
        "31": 0.16164535163497976,
        "93": 0.3507184930894228,
        "82": 0.40991222157796225,
        "27": 0.11823510754852637,
        "3": 0.9999999956127054,
        "30": 0,
        "28": 1,
        "50": 0.9999999956127054,
        "77": 0.11512038126174501,
        "55": 0.9999999956127054,
        "85": 0.9999999956127054,
        "33": 0.8622050598960616,
        "63": 0.9999999956127054,
        "45": 0.9999999956127054,
        "99": 0.34530665344212147,
        "80": 0.34530665344212147,
        "73": 0.34530665344212147,
        "66": 0.34530665344212147,
        "62": 0.34530665344212147,
        "60": 0.34530665344212147,
        "57": 0.8613280788531115,
        "51": 0.34530665344212147,
        "41": 0.34530665344212147,
        "39": 0.34530665344212147,
        "34": 0.34530665344212147,
        "17": 0.34530665344212147,
        "4": 0.34530665344212147,
        "2": 0.34530665344212147,
        "100": 0,
        "98": 0,
        "95": 0,
        "92": 0.9999999956127054,
        "87": 0,
        "79": 0,
        "78": 0,
        "58": 0,
        "48": 0,
        "22": 0,
        "21": 0,
        "10": 0,
        "9": 0,
        "0": 0,
        "59": 0.9999999956127054,
        "61": 0.9999999956127054,
        "12": 0.1635178547010611,
        "75": 0.7724459060652806,
        "97": 0.34530665344212147,
        "88": 0.06810883720041183,
        "86": 0.34530665344212147,
        "81": 0.34530665344212147,
        "72": 0.34530665344212147,
        "67": 0.34530665344212147,
        "56": 0.34530665344212147,
        "47": 0.34530665344212147,
        "46": 0.34530665344212147,
        "42": 0.34530665344212147,
        "35": 0.34530665344212147,
        "23": 0.34530665344212147,
        "11": 0.34530665344212147,
        "1": 0.34530665344212147,
        "83": 0.06810883720041183,
        "65": 0.3214342827580061,
        "64": 0.40991222157796225,
        "52": 0.3507184930894228,
        "26": 0.422091455152319,
        "25": 0.2713581194991344,
        "8": 0.4453394127160122,
        "6": 0.11512038126174501,
        "49": 0.16164535163497976,
        "36": 0.3507184930894228,
        "37": 0.3507184930894228,
        "74": 0.40991222157796225,
        "14": 0.4453394127160122,
        "91": 0.40991222157796225,
        "43": 0.4453394127160122,
        "94": 0.40991222157796225,
        "5": 0.4453394127160122,
        "84": 0.40991222157796225,
        "32": 0.4453394127160122,
        "16": 0.16164535163497976
    }
}