{
    "0": {
        "5": 0.6337121731136584,
        "2": 0.6337121731136584,
        "4": 0.6337121731136584,
        "0": 0.6337121731136584,
        "9": 0.30373818132040936,
        "8": 0.24520521379186805,
        "16": 0.4044691637895648,
        "19": 0.4044691637895648
    }
}