{
    "0": {
        "17": 0.3262905759245433,
        "11": 0.3262905759245433,
        "31": 0,
        "20": 0.742590943051343,
        "16": 0.3262905759245433,
        "28": 0.846348936729312,
        "6": 0.5898147409748802,
        "5": 0.5771755601413602,
        "30": 0.48561259235152326,
        "25": 0.39560418069274256,
        "24": 0.48561259235152326,
        "22": 0.596165856177001,
        "18": 0.4396829931765653,
        "15": 0.48561259235152326,
        "7": 0.48561259235152326,
        "3": 0.48561259235152326,
        "0": 0.48561259235152326,
        "29": 0.48561259235152326,
        "26": 0.48561259235152326,
        "23": 0.4396829931765653,
        "21": 0.48561259235152326,
        "19": 0.596165856177001,
        "13": 0.39560418069274256,
        "12": 0.48561259235152326,
        "10": 0.48561259235152326,
        "9": 0.48561259235152326
    },
    "1": {
        "27": 0,
        "14": 0.3957872924067818,
        "8": 0.3341819196020237,
        "4": 0.34831445683262807,
        "2": 0.8558868922738497,
        "1": 0.3635530613328575
    },
    "2": {
        "17": 0.3638447475190969,
        "11": 0.3638447475190969,
        "31": 0,
        "20": 0.576643670965787,
        "16": 0.3638447475190969,
        "28": 0.4391131504355015,
        "6": 0.31866858892486893,
        "5": 0.37758799099833756,
        "30": 0.24573530430826585,
        "25": 0.43632343307762556,
        "24": 0.24573530430826585,
        "22": 0.4769283385466261,
        "18": 0.4116665080463588,
        "15": 0.24573530430826585,
        "7": 0.24573530430826585,
        "3": 0.24573530430826585,
        "0": 0.24573530430826585,
        "29": 0.24573530430826585,
        "26": 0.24573530430826585,
        "23": 0.4116665080463588,
        "21": 0.24573530430826585,
        "19": 0.4769283385466261,
        "13": 0.43632343307762556,
        "12": 0.24573530430826585,
        "10": 0.24573530430826585,
        "9": 0.24573530430826585
    }
}