{
    "0": {
        "40": 0.5444575719979727,
        "32": 0.41270946617621423,
        "29": 0.13655293674616742,
        "25": 0.5433890072567489,
        "19": 0.8276595409678413,
        "0": 0.41270946617621423,
        "45": 0.13655293674616742,
        "30": 0.28926145686584726,
        "28": 0.5444575719979727,
        "23": 0.8276595409678413,
        "20": 0.41270946617621423,
        "12": 0.5433890072567489,
        "51": 0.48755200646001906,
        "44": 0.4399812220534805,
        "43": 0.4399812220534805,
        "41": 0.3287105311757652,
        "26": 0.6281255897486704,
        "14": 0.10680072664473604,
        "8": 0.13655293674616742,
        "6": 0.30687028296797214,
        "1": 0.48755200646001906,
        "16": 0.8276595409678413,
        "11": 0.41270946617621423,
        "10": 0.5444575719979727,
        "3": 0.49216756774761006,
        "33": 0.41270946617621423,
        "31": 0.5444575719979727,
        "22": 0.28926145686584726,
        "17": 0.13655293674616742,
        "13": 0.5433890072567489,
        "4": 0.8276595409678413,
        "46": 0.5312661305834248,
        "42": 0.09959661272783396,
        "39": 0.13655293674616742,
        "9": 0.030633583883488934,
        "36": 0.10680072664473604,
        "49": 0.13655293674616742,
        "48": 0.556781790154009,
        "34": 0.10680072664473604,
        "18": 0.5341619155881265,
        "59": 0.6824354687975444,
        "106": 0.6824354687975444,
        "73": 0.6824354687975444
    },
    "1": {
        "40": 0,
        "32": 0.05691714727986408,
        "29": 0,
        "25": 0.03818254139251108,
        "19": 0.15101198375976047,
        "0": 0.05691714727986408,
        "45": 0,
        "30": 0.09415921549130016,
        "28": 0,
        "23": 0.15101198375976047,
        "20": 0.05691714727986408,
        "12": 0.03818254139251108,
        "51": 0,
        "44": 0,
        "43": 0,
        "41": 0,
        "26": 0.1251350706128859,
        "14": 0,
        "8": 0,
        "6": 0,
        "1": 0,
        "16": 0.15101198375976047,
        "11": 0.05691714727986408,
        "10": 0,
        "3": 0,
        "33": 0.05691714727986408,
        "31": 0,
        "22": 0.09415921549130016,
        "17": 0,
        "13": 0.03818254139251108,
        "4": 0.15101198375976047,
        "46": 0.10296868098378534,
        "42": 0.21729237109686955,
        "39": 0,
        "9": 0.21729237109686955,
        "36": 0,
        "49": 0,
        "48": 0.04606121354475668,
        "34": 0,
        "18": 0.07890613259094663,
        "59": 0.17369113251995819,
        "106": 0.17369113251995819,
        "73": 0.17369113251995819
    }
}