{
    "0": {
        "18": 1,
        "15": 0.8644697498741074,
        "11": 0.4924641296302942,
        "10": 0.7405188605017804,
        "16": 0.33207559848707413,
        "12": 0.3410145485243627,
        "2": 0.7582918940318142,
        "13": 0.4924641296302942,
        "8": 0.8644697498741074,
        "7": 0.33207559848707413,
        "3": 0.7405188605017804
    },
    "1": {
        "17": 0.6530357125128611,
        "14": 0.6655510232959465,
        "9": 0.7766314418777233,
        "6": 0.7590805220828866,
        "0": 0.760900690202693,
        "5": 0.2476405637169958,
        "19": 0.6530357125128611,
        "4": 0.6655510232959465,
        "1": 0.777242960261599
    },
    "2": {
        "17": 1,
        "14": 0.8436413988336405,
        "9": 0.7164402619957645,
        "6": 0.6567505091828825,
        "0": 1,
        "5": 0.3814815159126975,
        "19": 1,
        "4": 0.8436413988336405,
        "1": 0.6567394724417505
    },
    "3": {
        "17": 0.8411455883904813,
        "14": 0.9320397397313372,
        "9": 0.8118897956665716,
        "6": 0.6367470679285911,
        "0": 0.8269364235381204,
        "5": 0.2556617050954677,
        "19": 0.8411455883904813,
        "4": 0.9320397397313372,
        "1": 0.6647915624332346
    },
    "4": {
        "18": 0.788584566301051,
        "15": 0.784247261341847,
        "11": 1,
        "10": 0.877500919494922,
        "16": 0.0698555488769261,
        "12": 0.5979191415503965,
        "2": 0.9027730060539289,
        "13": 1,
        "8": 0.784247261341847,
        "7": 0.0698555488769261,
        "3": 0.877500919494922
    }
}