{
    "0": {
        "32": 0.2616048537602463,
        "8": 0.2616048537602463,
        "6": 0.2616048537602463,
        "28": 0.5750124373275075,
        "26": 0.2825462530817659,
        "24": 0.5312705344067831,
        "19": 0.2616048537602463,
        "18": 0.2616048537602463,
        "16": 0.2616048537602463,
        "4": 0.2676340093916873,
        "2": 0.20549870324372216,
        "0": 0,
        "31": 0.40628885075041493,
        "20": 0.2825462530817659,
        "13": 0.49218077434436336,
        "12": 0.36374295465596646,
        "11": 0.2616048537602463,
        "9": 0.20549870324372216,
        "30": 0.5866124964279873,
        "29": 0.40628885075041493,
        "17": 0.5866124964279873,
        "3": 0.36374295465596646,
        "15": 0.8593599380814182,
        "25": 0,
        "27": 0.49218077434436336,
        "23": 0.20549870324372216,
        "22": 0,
        "21": 0.2825462530817659,
        "7": 0.2616048537602463,
        "14": 0.5792878170813992,
        "10": 0.32683003105219066
    },
    "1": {
        "1": 0,
        "5": 0
    }
}